ts_score,source,url_hash,accommodation_id,ville_label,code_postal,code_dept,in_scope_encadrement,surface_m2,loyer_eur_total,eur_per_m2,dpe_letter,ges_letter,meuble,commune_slug,plafond_applied_eur_m2,encadrement_violation,encadrement_excess_eur_m2,encadrement_excess_pct,dpe_violation,violation_type,violation_score,score_version
2026-06-04T05:52:47+00:00,locservice,dade7be4af2ace0c,100546,Marseille 05 (13005),13005,13,false,21,460,21.9,D,A,true,,,none,,,none,none,0,0.2.0
2026-06-04T05:52:47+00:00,locservice,b1a0ca5b12fb4298,100621,Nantes (44000),44000,44,false,10,345,34.5,D,B,true,,,none,,,none,none,0,0.2.0
2026-06-04T05:52:47+00:00,locservice,3f23d8e84a712673,101836,Rezé (44400),44400,44,false,28,420,15.0,C,C,true,,,none,,,none,none,0,0.2.0
2026-06-04T05:52:47+00:00,locservice,eace2e81d8dd0d95,102070,Paris 14 (75014),75014,75,true,42,1500,35.71,F,D,true,paris,40.0,none,0.0,0.0,future_F_2028,none,0,0.2.0
2026-06-04T05:52:47+00:00,locservice,97df961d3841221c,103895,Saint-Orens-de-Gameville (31650),31650,31,false,39,650,16.67,C,B,false,,,none,,,none,none,0,0.2.0
2026-06-04T05:52:47+00:00,locservice,cb2a96d9e89b4678,105361,Lille (59000),59000,59,true,33,780,23.64,D,D,true,lille,23.4,presumed,0.24,1.0,none,encadrement,1,0.2.0
2026-06-04T05:52:47+00:00,locservice,bc7208990b170ccc,105377,Collonges-au-Mont-d&#039;Or (69660),69660,69,false,45,830,18.44,A,A,true,,,none,,,none,none,0,0.2.0
2026-06-04T05:52:47+00:00,locservice,944e9e5e3c7cf1e5,105378,Lyon 09 (69009),69009,69,true,45,830,18.44,A,A,false,lyon,20.2,none,0.0,0.0,none,none,0,0.2.0
2026-06-04T05:52:47+00:00,locservice,ce10e8a0c438b712,105950,Nantes (44000),44000,44,false,35,795,22.71,C,A,true,,,none,,,none,none,0,0.2.0
2026-06-04T05:52:47+00:00,locservice,ae4b73cae11ad9d8,106121,Lyon 03 (69003),69003,69,true,31,630,20.32,C,C,true,lyon,20.2,presumed,0.12,0.6,none,encadrement,1,0.2.0
2026-06-04T05:52:47+00:00,locservice,322ae5547468c3ac,110958,Nantes (44000),44000,44,false,25,460,18.4,D,B,false,,,none,,,none,none,0,0.2.0
2026-06-04T05:52:47+00:00,locservice,ebf33d0701da04f8,114766,Pessac (33600),33600,33,false,25,650,26.0,C,C,true,,,none,,,none,none,0,0.2.0
2026-06-04T05:52:47+00:00,locservice,e73b0cc8f80cb854,115696,Nantes (44000),44000,44,false,20,450,22.5,C,C,true,,,none,,,none,none,0,0.2.0
2026-06-04T05:52:47+00:00,locservice,829e761def0b2716,123910,Toulouse (31000),31000,31,false,63,870,13.81,B,C,false,,,none,,,none,none,0,0.2.0
2026-06-04T05:52:47+00:00,locservice,73988ca1fd70372d,125039,Lille (59000),59000,59,true,20,630,31.5,D,D,true,lille,23.4,clear,8.1,34.6,none,encadrement,2,0.2.0
2026-06-04T05:52:47+00:00,locservice,8abb5c6fc03930c1,129543,Toulouse (31000),31000,31,false,25,520,20.8,D,A,false,,,none,,,none,none,0,0.2.0
2026-06-04T05:52:47+00:00,locservice,cab83343c179b319,1298103,Rognonas (13870),13870,13,false,90,1130,12.56,D,B,false,,,none,,,none,none,0,0.2.0
2026-06-04T05:52:47+00:00,locservice,67b3cae6911e439a,135351,Paris 20 (75020),75020,75,true,26,1200,46.15,F,C,true,paris,40.0,clear,6.15,15.4,future_F_2028,encadrement,2,0.2.0
2026-06-04T05:52:47+00:00,locservice,bdeb5ec077c93353,141300,Nantes (44000),44000,44,false,45,730,16.22,B,C,false,,,none,,,none,none,0,0.2.0
2026-06-04T05:52:47+00:00,locservice,ea2936fe2e19e810,147744,Lille (59000),59000,59,true,20,520,26.0,C,A,false,lille,23.4,clear,2.6,11.1,none,encadrement,2,0.2.0
2026-06-04T05:52:47+00:00,locservice,ee1004368f1d430a,150072,Aix-en-Provence (13080),13080,13,false,20,630,31.5,D,D,true,,,none,,,none,none,0,0.2.0
2026-06-04T05:52:47+00:00,locservice,c3cb9af705728b76,151209,Lyon 07 (69007),69007,69,true,54,900,16.67,D,D,false,lyon,20.2,none,0.0,0.0,none,none,0,0.2.0
2026-06-04T05:52:47+00:00,locservice,d5245e26ab5f4d6b,1515852,Toulouse (31000),31000,31,false,26,605,23.27,C,A,true,,,none,,,none,none,0,0.2.0
2026-06-04T05:52:47+00:00,locservice,fd8c070fcdc2da1c,152376,Toulouse (31000),31000,31,false,110,1450,13.18,C,C,false,,,none,,,none,none,0,0.2.0
2026-06-04T05:52:47+00:00,locservice,2f2271f4bbc34e85,155476,Toulouse (31000),31000,31,false,11,445,40.45,C,D,true,,,none,,,none,none,0,0.2.0
2026-06-04T05:52:47+00:00,locservice,2c373c92e32b1aaf,155828,Bergues (59380),59380,59,false,74,850,11.49,C,D,false,,,none,,,none,none,0,0.2.0
2026-06-04T05:52:47+00:00,locservice,d00bce65dabfec1c,156639,Paris 03 (75003),75003,75,true,20,1000,50.0,B,E,true,paris,40.0,clear,10.0,25.0,none,encadrement,2,0.2.0
2026-06-04T05:52:47+00:00,locservice,236149eadce2d898,158252,Villeurbanne (69100),69100,69,true,44,1000,22.73,A,A,false,villeurbanne,19.8,clear,2.93,14.8,none,encadrement,2,0.2.0
2026-06-04T05:52:47+00:00,locservice,ecd0ac6a413da83c,162457,Marseille 09 (13009),13009,13,false,30,630,21.0,C,C,true,,,none,,,none,none,0,0.2.0
2026-06-04T05:52:47+00:00,locservice,72a25a07bf66caf9,162887,Paris 12 (75012),75012,75,true,12,980,81.67,C,D,true,paris,40.0,clear,41.67,104.2,none,encadrement,2,0.2.0
2026-06-04T05:52:47+00:00,locservice,9ae3b9d6736fb53e,164664,Sausset-les-Pins (13960),13960,13,false,53,850,16.04,B,B,true,,,none,,,none,none,0,0.2.0
2026-06-04T05:52:47+00:00,locservice,1dc645baa579352e,165497,Basse-Goulaine (44115),44115,44,false,37,500,13.51,C,A,true,,,none,,,none,none,0,0.2.0
2026-06-04T05:52:47+00:00,locservice,4eebf4d2df202459,1659634,Fuveau (13710),13710,13,false,35,690,19.71,C,C,true,,,none,,,none,none,0,0.2.0
2026-06-04T05:52:47+00:00,locservice,519ed10f5bbaf4a7,1662103,Toulouse (31000),31000,31,false,20,580,29.0,C,C,true,,,none,,,none,none,0,0.2.0
2026-06-04T05:52:47+00:00,locservice,5b9e7ab193e9a612,166967,Bordeaux (33000),33000,33,true,32,675,21.09,B,B,false,bordeaux,20.9,presumed,0.19,0.9,none,encadrement,1,0.2.0
2026-06-04T05:52:47+00:00,locservice,6cb35c4865235d71,167828,Gradignan (33170),33170,33,false,14,520,37.14,E,F,true,,,none,,,future_E_2034,none,0,0.2.0
2026-06-04T05:52:47+00:00,locservice,7ffa41500805c544,1679615,Valenciennes (59300),59300,59,false,45,621,13.8,D,C,true,,,none,,,none,none,0,0.2.0
2026-06-04T05:52:47+00:00,locservice,17509bff7e11354b,168109,Lille (59000),59000,59,true,13,400,30.77,D,D,true,lille,23.4,clear,7.37,31.5,none,encadrement,2,0.2.0
2026-06-04T05:52:47+00:00,locservice,0cf136c7e62928ed,168633,Paris 17 (75017),75017,75,true,23,1180,51.3,A,A,true,paris,40.0,clear,11.3,28.2,none,encadrement,2,0.2.0
2026-06-04T05:52:47+00:00,locservice,dd870d69a57137ee,168909,Le Rove (13740),13740,13,false,32,677,21.16,C,A,false,,,none,,,none,none,0,0.2.0
2026-06-04T05:52:47+00:00,locservice,bb0a2128286c4990,1746471,Marseille 09 (13009),13009,13,false,15,460,30.67,C,C,false,,,none,,,none,none,0,0.2.0
2026-06-04T05:52:47+00:00,locservice,cdc5dbb8ac622735,1751860,Aix-en-Provence (13080),13080,13,false,32,690,21.56,C,C,true,,,none,,,none,none,0,0.2.0
2026-06-04T05:52:47+00:00,locservice,4b72926f4582f3b9,176443,Toulouse (31000),31000,31,false,33,600,18.18,C,C,false,,,none,,,none,none,0,0.2.0
2026-06-04T05:52:47+00:00,locservice,4ef5588f768af3e0,178941,Paris 17 (75017),75017,75,true,11,693,63.0,A,A,true,paris,40.0,clear,23.0,57.5,none,encadrement,2,0.2.0
2026-06-04T05:52:47+00:00,locservice,6318fbb9cbf5cc7e,180831,Pessac (33600),33600,33,false,21,527,25.1,B,B,true,,,none,,,none,none,0,0.2.0
2026-06-04T05:52:47+00:00,locservice,64572e1f4b5dcaeb,180846,Toulouse (31000),31000,31,false,50,900,18.0,C,D,false,,,none,,,none,none,0,0.2.0
2026-06-04T05:52:47+00:00,locservice,31b48ada534841a7,1841208,Vertou (44120),44120,44,false,20,435,21.75,B,B,true,,,none,,,none,none,0,0.2.0
2026-06-04T05:52:47+00:00,locservice,d2333990a8f04ff0,1854839,Paris 11 (75011),75011,75,true,12,800,66.67,C,C,true,paris,40.0,clear,26.67,66.7,none,encadrement,2,0.2.0
2026-06-04T05:52:47+00:00,locservice,ff373de766462b76,1869268,Décines-Charpieu (69150),69150,69,false,27,659,24.41,D,A,true,,,none,,,none,none,0,0.2.0
2026-06-04T05:52:47+00:00,locservice,3d35b12b5e3d91b4,1876809,Aix-en-Provence (13080),13080,13,false,33,725,21.97,C,A,true,,,none,,,none,none,0,0.2.0
2026-06-04T05:52:47+00:00,locservice,431867851404608e,189193,Denain (59220),59220,59,false,37,450,12.16,D,C,true,,,none,,,none,none,0,0.2.0
2026-06-04T05:52:47+00:00,locservice,c1ebb4f2c5508ba2,1904618,Nantes (44000),44000,44,false,18,510,28.33,D,B,false,,,none,,,none,none,0,0.2.0
2026-06-04T05:52:47+00:00,locservice,80dfcc878ccf70dc,1906807,Toulouse (31000),31000,31,false,18,595,33.06,C,C,true,,,none,,,none,none,0,0.2.0
2026-06-04T05:52:47+00:00,locservice,c1c0bf7349f5caaa,1913967,Mérignac (33700),33700,33,false,26,850,32.69,C,C,true,,,none,,,none,none,0,0.2.0
2026-06-04T05:52:47+00:00,locservice,3749cb0298a6c81c,1930872,Toulouse (31000),31000,31,false,50,1380,27.6,D,C,true,,,none,,,none,none,0,0.2.0
2026-06-04T05:52:47+00:00,locservice,e4b38530a0822ae5,1960455,Pessac (33600),33600,33,false,30,825,27.5,D,B,true,,,none,,,none,none,0,0.2.0
2026-06-04T05:52:47+00:00,locservice,51f734649d501c07,1961329,Pornichet (44380),44380,44,false,99,1725,17.42,D,C,true,,,none,,,none,none,0,0.2.0
2026-06-04T05:52:47+00:00,locservice,cf6d47beef8f3613,1966691,Bordeaux (33000),33000,33,true,31,720,23.23,E,B,false,bordeaux,20.9,clear,2.33,11.1,future_E_2034,encadrement,2,0.2.0
2026-06-04T05:52:47+00:00,locservice,decb23c347a3fc44,1993000,Villeurbanne (69100),69100,69,true,12,490,40.83,A,A,true,villeurbanne,19.8,clear,21.03,106.2,none,encadrement,2,0.2.0
2026-06-04T05:52:47+00:00,locservice,257362d7d695502d,200058,Toulouse (31000),31000,31,false,30,650,21.67,D,E,true,,,none,,,none,none,0,0.2.0
2026-06-04T05:52:47+00:00,locservice,e0a1ef53d9b8c6c1,2014968,Lille (59000),59000,59,true,25,611,24.44,C,B,false,lille,23.4,presumed,1.04,4.4,none,encadrement,1,0.2.0
2026-06-04T05:52:47+00:00,locservice,e0984848735727e0,2045926,Loos (59120),59120,59,false,26,655,25.19,C,D,false,,,none,,,none,none,0,0.2.0
2026-06-04T05:52:47+00:00,locservice,6d7b3f2ad514fde9,2046313,Lille (59000),59000,59,true,16,380,23.75,D,D,false,lille,23.4,presumed,0.35,1.5,none,encadrement,1,0.2.0
2026-06-04T05:52:47+00:00,locservice,c30bf176eb5919fd,2063389,Vénissieux (69200),69200,69,false,50,705,14.1,E,E,false,,,none,,,future_E_2034,none,0,0.2.0
2026-06-04T05:52:47+00:00,locservice,0ccfb72da527e12f,206402,Saint-Sébastien-sur-Loire (44230),44230,44,false,22,498,22.64,C,B,true,,,none,,,none,none,0,0.2.0
2026-06-04T05:52:47+00:00,locservice,9e989aa311963c3c,2069882,Marseille 07 (13007),13007,13,false,16,560,35.0,E,B,true,,,none,,,future_E_2034,none,0,0.2.0
2026-06-04T05:52:47+00:00,locservice,ff1ce44aea6ec459,2070723,Lille (59000),59000,59,true,14,450,32.14,F,E,true,lille,23.4,clear,8.74,37.4,future_F_2028,encadrement,2,0.2.0
2026-06-04T05:52:47+00:00,locservice,0dabbc44f8215614,2079178,Nantes (44000),44000,44,false,25,530,21.2,C,B,true,,,none,,,none,none,0,0.2.0
2026-06-04T05:52:47+00:00,locservice,11ac6a120c7cb8ff,2090560,Tournefeuille (31170),31170,31,false,44,850,19.32,C,C,true,,,none,,,none,none,0,0.2.0
2026-06-04T05:52:47+00:00,locservice,a92960f9574ca7bc,2100934,Paris 04 (75004),75004,75,true,15,550,36.67,C,C,true,paris,40.0,none,0.0,0.0,none,none,0,0.2.0
2026-06-04T05:52:47+00:00,locservice,e047b9308c219a55,2107565,Aix-en-Provence (13080),13080,13,false,32,640,20.0,B,B,true,,,none,,,none,none,0,0.2.0
2026-06-04T05:52:47+00:00,locservice,0b7fa7748329423a,2115173,Paris 15 (75015),75015,75,true,21,1000,47.62,F,F,true,paris,40.0,clear,7.62,19.0,future_F_2028,encadrement,2,0.2.0
2026-06-04T05:52:47+00:00,locservice,4971a19ec40b29be,2129584,Peypin (13124),13124,13,false,18,490,27.22,B,B,true,,,none,,,none,none,0,0.2.0
2026-06-04T05:52:47+00:00,locservice,a1d5e401acaac899,2130655,Cassis (13260),13260,13,false,31,730,23.55,D,D,true,,,none,,,none,none,0,0.2.0
2026-06-04T05:52:47+00:00,locservice,71de1a4c662bec13,2132495,Saint-Sébastien-sur-Loire (44230),44230,44,false,21,445,21.19,D,B,true,,,none,,,none,none,0,0.2.0
2026-06-04T05:52:47+00:00,locservice,c9551ecf60fc1d11,2132498,Saint-Sébastien-sur-Loire (44230),44230,44,false,20,445,22.25,C,B,true,,,none,,,none,none,0,0.2.0
2026-06-04T05:52:47+00:00,locservice,5cf324107c3f9e4a,2133580,Saint-Didier-au-Mont-d&#039;Or (69370),69370,69,false,9,400,44.44,B,B,true,,,none,,,none,none,0,0.2.0
2026-06-04T05:52:47+00:00,locservice,599be9a9f59df0f8,2133581,Saint-Didier-au-Mont-d&#039;Or (69370),69370,69,false,10,420,42.0,B,B,true,,,none,,,none,none,0,0.2.0
2026-06-04T05:52:47+00:00,locservice,965d3b87a8d4c01f,2134737,Raismes (59590),59590,59,false,55,600,10.91,A,A,true,,,none,,,none,none,0,0.2.0
2026-06-04T05:52:47+00:00,locservice,3a9ea8a936680ada,213609,Cambes (33880),33880,33,false,58,740,12.76,C,B,true,,,none,,,none,none,0,0.2.0
2026-06-04T05:52:47+00:00,locservice,6ddc8d212e4fd487,2139567,Nantes (44000),44000,44,false,97,465,4.79,D,D,true,,,none,,,none,none,0,0.2.0
2026-06-04T05:52:47+00:00,locservice,5989cab4580c1e37,2142038,Bordeaux (33000),33000,33,true,24,696,29.0,C,B,false,bordeaux,20.9,clear,8.1,38.8,none,encadrement,2,0.2.0
2026-06-04T05:52:47+00:00,locservice,aa2be4a8a75040cd,2155387,Châteauneuf-le-Rouge (13790),13790,13,false,15,600,40.0,A,A,true,,,none,,,none,none,0,0.2.0
2026-06-04T05:52:47+00:00,locservice,fb5e6c34ef1a3d11,2162033,Bordeaux (33000),33000,33,true,21,632,30.1,C,A,false,bordeaux,20.9,clear,9.2,44.0,none,encadrement,2,0.2.0
2026-06-04T05:52:47+00:00,locservice,0b9ceba18efb9663,2163792,Lambersart (59130),59130,59,false,17,570,33.53,D,D,true,,,none,,,none,none,0,0.2.0
2026-06-04T05:52:47+00:00,locservice,180437e3a49338c1,2166630,Saint-Sébastien-sur-Loire (44230),44230,44,false,18,435,24.17,D,B,true,,,none,,,none,none,0,0.2.0
2026-06-04T05:52:47+00:00,locservice,c8da561512cf6b0e,2176760,Toulouse (31000),31000,31,false,175,2000,11.43,D,C,false,,,none,,,none,none,0,0.2.0
2026-06-04T05:52:47+00:00,locservice,ea401c25255d7518,2185720,Roubaix (59100),59100,59,false,14,380,27.14,C,C,true,,,none,,,none,none,0,0.2.0
2026-06-04T05:52:47+00:00,locservice,9892fff4c8c7ccc3,2194923,Paris 12 (75012),75012,75,true,25,850,34.0,C,B,true,paris,40.0,none,0.0,0.0,none,none,0,0.2.0
2026-06-04T05:52:47+00:00,locservice,9714293a89a1946f,2200093,Lille (59000),59000,59,true,24,630,26.25,D,C,true,lille,23.4,clear,2.85,12.2,none,encadrement,2,0.2.0
2026-06-04T05:52:47+00:00,locservice,3f580e2f05ce13f4,221091,Aix-en-Provence (13080),13080,13,false,25,580,23.2,C,A,true,,,none,,,none,none,0,0.2.0
2026-06-04T05:52:47+00:00,locservice,bb95e2178d3f4e9b,2211665,Paris 18 (75018),75018,75,true,30,1420,47.33,B,B,true,paris,40.0,clear,7.33,18.3,none,encadrement,2,0.2.0
2026-06-04T05:52:47+00:00,locservice,5c00012af026615a,2217694,Toulouse (31000),31000,31,false,57,1000,17.54,D,B,true,,,none,,,none,none,0,0.2.0
2026-06-04T05:52:47+00:00,locservice,bfb59355ad61e027,2223633,Villeurbanne (69100),69100,69,true,31,695,22.42,D,D,true,villeurbanne,19.8,clear,2.62,13.2,none,encadrement,2,0.2.0
2026-06-04T05:52:47+00:00,locservice,93ea8331be014b29,2239684,Proville (59267),59267,59,false,45,590,13.11,C,B,false,,,none,,,none,none,0,0.2.0
2026-06-04T05:52:47+00:00,locservice,f5a8f21b9fc8c415,2239700,Saint-Chamas (13250),13250,13,false,38,750,19.74,C,A,true,,,none,,,none,none,0,0.2.0
2026-06-04T05:52:47+00:00,locservice,323e000052024aa6,224290,Paris 12 (75012),75012,75,true,19,800,42.11,E,B,true,paris,40.0,presumed,2.11,5.3,future_E_2034,encadrement,1,0.2.0
2026-06-04T05:52:47+00:00,locservice,f898bfa4c6a89a5e,2248226,Nantes (44000),44000,44,false,14,450,32.14,D,B,true,,,none,,,none,none,0,0.2.0
2026-06-04T05:52:47+00:00,locservice,05d178007e8f77ff,225555,Toulouse (31000),31000,31,false,32,635,19.84,D,B,false,,,none,,,none,none,0,0.2.0
2026-06-04T05:52:47+00:00,locservice,dd33d0d5c1beb92f,226827,Lyon 03 (69003),69003,69,true,24,640,26.67,D,B,true,lyon,20.2,clear,6.47,32.0,none,encadrement,2,0.2.0
2026-06-04T05:52:47+00:00,locservice,8d83e490d9013751,2269098,Lyon 02 (69002),69002,69,true,100,1580,15.8,D,D,false,lyon,20.2,none,0.0,0.0,none,none,0,0.2.0
2026-06-04T05:52:47+00:00,locservice,ddc61bd024268fd5,2277560,Nantes (44000),44000,44,false,20,480,24.0,C,A,true,,,none,,,none,none,0,0.2.0
2026-06-04T05:52:47+00:00,locservice,c2258e0574438328,2289680,Bordeaux (33000),33000,33,true,48,1225,25.52,D,C,true,bordeaux,20.9,clear,4.62,22.1,none,encadrement,2,0.2.0
2026-06-04T05:52:47+00:00,locservice,b0bfaa86d82360f0,2295144,Nantes (44000),44000,44,false,25,740,29.6,C,A,true,,,none,,,none,none,0,0.2.0
2026-06-04T05:52:47+00:00,locservice,d8a59c0cec301c04,2301059,Vertheuil (33180),33180,33,false,120,830,6.92,D,D,true,,,none,,,none,none,0,0.2.0
2026-06-04T05:52:47+00:00,locservice,ada1f5f77cb4a83d,2320827,Toulouse (31000),31000,31,false,40,850,21.25,C,A,true,,,none,,,none,none,0,0.2.0
2026-06-04T05:52:47+00:00,locservice,486f3b5dd72e7b97,2324847,Aix-en-Provence (13080),13080,13,false,160,2827,17.67,D,B,false,,,none,,,none,none,0,0.2.0
2026-06-04T05:52:47+00:00,locservice,53cc80a1aaebe144,2345022,Villeurbanne (69100),69100,69,true,18,495,27.5,D,C,true,villeurbanne,19.8,clear,7.7,38.9,none,encadrement,2,0.2.0
2026-06-04T05:52:47+00:00,locservice,874d1d18a2187a9e,2349473,Talence (33400),33400,33,false,19,680,35.79,C,D,true,,,none,,,none,none,0,0.2.0
2026-06-04T05:52:47+00:00,locservice,2376295a0f054624,235206,Aix-en-Provence (13080),13080,13,false,22,620,28.18,D,B,true,,,none,,,none,none,0,0.2.0
2026-06-04T05:52:47+00:00,locservice,ecf9442180e678ec,2361578,Dunkerque (59140),59140,59,false,55,950,17.27,D,D,true,,,none,,,none,none,0,0.2.0
2026-06-04T05:52:47+00:00,locservice,f058ec23ebf50b97,2364798,Lyon 03 (69003),69003,69,true,39,925,23.72,D,E,true,lyon,20.2,clear,3.52,17.4,none,encadrement,2,0.2.0
2026-06-04T05:52:47+00:00,locservice,c3a47a9d5b85e4f5,2375203,Francheville (69340),69340,69,false,55,1320,24.0,D,B,true,,,none,,,none,none,0,0.2.0
2026-06-04T05:52:47+00:00,locservice,0c8b4ce041f6873e,2385496,Bordeaux (33000),33000,33,true,24,730,30.42,D,D,true,bordeaux,20.9,clear,9.52,45.6,none,encadrement,2,0.2.0
2026-06-04T05:52:47+00:00,locservice,a11f71fc82356f7f,2394503,Vaulx-en-Velin (69120),69120,69,false,86,1200,13.95,C,C,false,,,none,,,none,none,0,0.2.0
2026-06-04T05:52:47+00:00,locservice,5318ac84affd5a7e,2397574,Bordeaux (33000),33000,33,true,25,710,28.4,C,B,false,bordeaux,20.9,clear,7.5,35.9,none,encadrement,2,0.2.0
2026-06-04T05:52:47+00:00,locservice,0d0246510c1c22db,2397962,Toulouse (31000),31000,31,false,22,520,23.64,C,A,false,,,none,,,none,none,0,0.2.0
2026-06-04T05:52:47+00:00,locservice,74613eb57fcff486,2398362,Bruges (33520),33520,33,false,76,1090,14.34,C,B,true,,,none,,,none,none,0,0.2.0
2026-06-04T05:52:47+00:00,locservice,0ccc85beaabc5d7c,2398387,Aspet (31160),31160,31,false,100,570,5.7,D,B,false,,,none,,,none,none,0,0.2.0
2026-06-04T05:52:47+00:00,locservice,64d5f9c256b65415,2409427,Nantes (44000),44000,44,false,78,1025,13.14,E,B,false,,,none,,,future_E_2034,none,0,0.2.0
2026-06-04T05:52:47+00:00,locservice,4f4efa46b17fd2aa,2411063,Salon-de-Provence (13300),13300,13,false,50,1020,20.4,A,A,true,,,none,,,none,none,0,0.2.0
2026-06-04T05:52:47+00:00,locservice,2c87fe8fbf1740bd,2411067,Caluire-et-Cuire (69300),69300,69,false,50,950,19.0,D,A,true,,,none,,,none,none,0,0.2.0
2026-06-04T05:52:47+00:00,locservice,13723c672fa92c93,2411069,Paris 10 (75010),75010,75,true,45,1350,30.0,E,B,true,paris,40.0,none,0.0,0.0,future_E_2034,none,0,0.2.0
2026-06-04T05:52:47+00:00,locservice,927575af1bc6b289,2412624,Septèmes-les-Vallons (13240),13240,13,false,30,650,21.67,B,B,true,,,none,,,none,none,0,0.2.0
2026-06-04T05:52:47+00:00,locservice,74566f58e7be5c52,2412626,Toulouse (31000),31000,31,false,15,530,35.33,D,D,true,,,none,,,none,none,0,0.2.0
2026-06-04T05:52:47+00:00,locservice,28f8a1be5748ea62,2413102,Paris 05 (75005),75005,75,true,10,880,88.0,F,D,true,paris,40.0,clear,48.0,120.0,future_F_2028,encadrement,2,0.2.0
2026-06-04T05:52:47+00:00,locservice,c66d8f3363cadfb8,2413402,Paris 15 (75015),75015,75,true,21,1040,49.52,D,B,true,paris,40.0,clear,9.52,23.8,none,encadrement,2,0.2.0
2026-06-04T05:52:47+00:00,locservice,24d78a230024991b,2413406,Talence (33400),33400,33,false,25,620,24.8,D,D,false,,,none,,,none,none,0,0.2.0
2026-06-04T05:52:47+00:00,locservice,f31f9a0ad6b0b7f6,2413477,Vénissieux (69200),69200,69,false,18,650,36.11,D,B,true,,,none,,,none,none,0,0.2.0
2026-06-04T05:52:47+00:00,locservice,a93818b338d81048,2414634,Toulouse (31000),31000,31,false,56,1000,17.86,D,C,true,,,none,,,none,none,0,0.2.0
2026-06-04T05:52:47+00:00,locservice,66e9542927a25062,2416835,Toulouse (31000),31000,31,false,60,1130,18.83,D,D,false,,,none,,,none,none,0,0.2.0
2026-06-04T05:52:47+00:00,locservice,c5b8acdb9a8b2b83,2416848,Paris 18 (75018),75018,75,true,26,1150,44.23,E,E,true,paris,40.0,clear,4.23,10.6,future_E_2034,encadrement,2,0.2.0
2026-06-04T05:52:47+00:00,locservice,41ba7bc588dcef32,2422431,Toulouse (31000),31000,31,false,22,450,20.45,D,A,false,,,none,,,none,none,0,0.2.0
2026-06-04T05:52:47+00:00,locservice,443e97f270db9e44,2422968,Toulouse (31000),31000,31,false,26,530,20.38,D,D,false,,,none,,,none,none,0,0.2.0
2026-06-04T05:52:47+00:00,locservice,ba7b8e202445ac27,2424440,Mons-en-Barœul (59370),59370,59,false,33,680,20.61,C,C,true,,,none,,,none,none,0,0.2.0
2026-06-04T05:52:47+00:00,locservice,8cdd1cbb651f2ba0,2426073,Paris 05 (75005),75005,75,true,13,760,58.46,E,E,true,paris,40.0,clear,18.46,46.2,future_E_2034,encadrement,2,0.2.0
2026-06-04T05:52:47+00:00,locservice,84a12b0ac5baf5a6,2426121,Pessac (33600),33600,33,false,25,465,18.6,D,B,false,,,none,,,none,none,0,0.2.0
2026-06-04T05:52:47+00:00,locservice,f806fea0e1479218,2426131,Miramas (13140),13140,13,false,54,750,13.89,C,B,false,,,none,,,none,none,0,0.2.0
2026-06-04T05:52:47+00:00,locservice,876b76cf28993468,2427749,Lille (59000),59000,59,true,35,765,21.86,C,C,false,lille,23.4,none,0.0,0.0,none,none,0,0.2.0
2026-06-04T05:52:47+00:00,locservice,dd25b19c37690a87,2427765,Cambrai (59400),59400,59,false,18,400,22.22,C,C,true,,,none,,,none,none,0,0.2.0
2026-06-04T05:52:47+00:00,locservice,74299bed565e8cd0,2427766,Cambrai (59400),59400,59,false,12,350,29.17,C,C,true,,,none,,,none,none,0,0.2.0
2026-06-04T05:52:47+00:00,locservice,5561f2cd9a2621f7,2427770,Escaudœuvres (59161),59161,59,false,125,870,6.96,C,C,false,,,none,,,none,none,0,0.2.0
2026-06-04T05:52:47+00:00,locservice,0bfdfe6d4127b261,2427771,Villeneuve-d&#039;Ascq (59491),59491,59,false,25,630,25.2,C,C,false,,,none,,,none,none,0,0.2.0
2026-06-04T05:52:47+00:00,locservice,4a9ea5baa1eca16e,2427772,Saint-André-lez-Lille (59350),59350,59,false,93,1250,13.44,E,E,false,,,none,,,future_E_2034,none,0,0.2.0
2026-06-04T05:52:47+00:00,locservice,5c96692661e8821d,2427785,Nantes (44000),44000,44,false,33,695,21.06,C,A,true,,,none,,,none,none,0,0.2.0
2026-06-04T05:52:47+00:00,locservice,01c5cbc23df89ba4,2427800,Paris 08 (75008),75008,75,true,22,1450,65.91,E,C,true,paris,40.0,clear,25.91,64.8,future_E_2034,encadrement,2,0.2.0
2026-06-04T05:52:47+00:00,locservice,858acbbec2fd5a0a,2429489,Mérignac (33700),33700,33,false,110,1100,10.0,C,A,true,,,none,,,none,none,0,0.2.0
2026-06-04T05:52:47+00:00,locservice,c08014eee7047fcb,2429490,Notre-Dame-des-Landes (44130),44130,44,false,165,1280,7.76,C,D,false,,,none,,,none,none,0,0.2.0
2026-06-04T05:52:47+00:00,locservice,d3869b85bd932a77,2429496,Waziers (59119),59119,59,false,105,876,8.34,D,D,false,,,none,,,none,none,0,0.2.0
2026-06-04T05:52:47+00:00,locservice,d94003529160bc33,2429497,Nantes (44000),44000,44,false,80,1350,16.88,C,C,false,,,none,,,none,none,0,0.2.0
2026-06-04T05:52:47+00:00,locservice,5b7b20dde982328a,2429502,Salon-de-Provence (13300),13300,13,false,42,1055,25.12,D,C,true,,,none,,,none,none,0,0.2.0
2026-06-04T05:52:47+00:00,locservice,6c071260d648ab3c,2429504,La Madeleine (59110),59110,59,false,63,1080,17.14,B,C,false,,,none,,,none,none,0,0.2.0
2026-06-04T05:52:47+00:00,locservice,70a99ea35194ac27,2429507,Toulouse (31000),31000,31,false,36,635,17.64,C,A,false,,,none,,,none,none,0,0.2.0
2026-06-04T05:52:47+00:00,locservice,27850e47ea3db445,2429511,Villeurbanne (69100),69100,69,true,32,780,24.38,D,D,true,villeurbanne,19.8,clear,4.58,23.1,none,encadrement,2,0.2.0
2026-06-04T05:52:47+00:00,locservice,0fdca316910d66cf,2429516,Estreux (59990),59990,59,false,110,1319,11.99,D,C,true,,,none,,,none,none,0,0.2.0
2026-06-04T05:52:47+00:00,locservice,b06d0af94d80f971,2429523,Roubaix (59100),59100,59,false,65,900,13.85,B,B,false,,,none,,,none,none,0,0.2.0
2026-06-04T05:52:47+00:00,locservice,2fe4dd8fd2abd8a0,2429528,Lille (59000),59000,59,true,15,480,32.0,D,C,true,lille,23.4,clear,8.6,36.8,none,encadrement,2,0.2.0
2026-06-04T05:52:47+00:00,locservice,0fd8316282ec9193,2430124,Gradignan (33170),33170,33,false,14,520,37.14,E,F,true,,,none,,,future_E_2034,none,0,0.2.0
2026-06-04T05:52:47+00:00,locservice,099a5ec0dd8cb0eb,2430133,Lyon 08 (69008),69008,69,true,26,720,27.69,B,B,true,lyon,20.2,clear,7.49,37.1,none,encadrement,2,0.2.0
2026-06-04T05:52:47+00:00,locservice,00416e9e2e42a8e3,2430139,La Ciotat (13600),13600,13,false,23,460,20.0,D,D,true,,,none,,,none,none,0,0.2.0
2026-06-04T05:52:47+00:00,locservice,d5d5f252bdae4c96,2430146,Châteauneuf-le-Rouge (13790),13790,13,false,35,850,24.29,B,B,true,,,none,,,none,none,0,0.2.0
2026-06-04T05:52:47+00:00,locservice,4ec3cca223e0ab33,2430150,Tarascon (13150),13150,13,false,44,558,12.68,C,C,false,,,none,,,none,none,0,0.2.0
2026-06-04T05:52:47+00:00,locservice,a376002a2c914eb0,2430155,Toulouse (31000),31000,31,false,35,620,17.71,E,B,true,,,none,,,future_E_2034,none,0,0.2.0
2026-06-04T05:52:47+00:00,locservice,098d9a8cf1fada8b,2430159,Ambarès-et-Lagrave (33440),33440,33,false,35,670,19.14,D,D,true,,,none,,,none,none,0,0.2.0
2026-06-04T05:52:47+00:00,locservice,d654237a4e90283b,2430162,Mérignac (33700),33700,33,false,71,420,5.92,D,C,true,,,none,,,none,none,0,0.2.0
2026-06-04T05:52:47+00:00,locservice,47c46f7c1e2a1a7a,2430163,Bordeaux (33000),33000,33,true,30,645,21.5,D,D,true,bordeaux,20.9,presumed,0.6,2.9,none,encadrement,1,0.2.0
2026-06-04T05:52:47+00:00,locservice,491fef6f05798fc8,2430167,Lille (59000),59000,59,true,30,690,23.0,E,B,true,lille,23.4,none,0.0,0.0,future_E_2034,none,0,0.2.0
2026-06-04T05:52:47+00:00,locservice,5c899c65e10ec95c,2430170,Saint-Herblain (44800),44800,44,false,71,1000,14.08,D,D,true,,,none,,,none,none,0,0.2.0
2026-06-04T05:52:47+00:00,locservice,39ef4dedf137001d,2430178,Toulouse (31000),31000,31,false,55,1350,24.55,D,B,true,,,none,,,none,none,0,0.2.0
2026-06-04T05:52:47+00:00,locservice,422670bd8d62558d,2430474,Nantes (44000),44000,44,false,50,905,18.1,F,F,true,,,none,,,future_F_2028,none,0,0.2.0
2026-06-04T05:52:47+00:00,locservice,bb190922253886d5,2430482,Basse-Goulaine (44115),44115,44,false,35,665,19.0,C,A,true,,,none,,,none,none,0,0.2.0
2026-06-04T05:52:47+00:00,locservice,4b6bbbb8994d7a14,2430488,Bordeaux (33000),33000,33,true,21,660,31.43,C,C,true,bordeaux,20.9,clear,10.53,50.4,none,encadrement,2,0.2.0
2026-06-04T05:52:47+00:00,locservice,59a228f3963b99c1,2430489,Saint-Nazaire (44600),44600,44,false,20,500,25.0,C,A,true,,,none,,,none,none,0,0.2.0
2026-06-04T05:52:47+00:00,locservice,9f5884d033ed3dd0,2430490,Roubaix (59100),59100,59,false,45,710,15.78,D,D,true,,,none,,,none,none,0,0.2.0
2026-06-04T05:52:47+00:00,locservice,0ed2c6ad002390ae,2430494,Toulouse (31000),31000,31,false,46,750,16.3,A,A,false,,,none,,,none,none,0,0.2.0
2026-06-04T05:52:47+00:00,locservice,17c4debcb59f875f,2430502,Gradignan (33170),33170,33,false,15,400,26.67,B,B,true,,,none,,,none,none,0,0.2.0
2026-06-04T05:52:47+00:00,locservice,811b1a3e783e8a1e,2430507,Paris 18 (75018),75018,75,true,38,1414,37.21,C,C,true,paris,40.0,none,0.0,0.0,none,none,0,0.2.0
2026-06-04T05:52:47+00:00,locservice,78b28d61774fce71,2430512,Maing (59233),59233,59,false,38,480,12.63,D,B,true,,,none,,,none,none,0,0.2.0
2026-06-04T05:52:47+00:00,locservice,ba755fe600337cde,2430519,Nantes (44000),44000,44,false,23,520,22.61,C,B,false,,,none,,,none,none,0,0.2.0
2026-06-04T05:52:47+00:00,locservice,f6f34266561ad539,2430520,Nantes (44000),44000,44,false,23,520,22.61,C,B,false,,,none,,,none,none,0,0.2.0
2026-06-04T05:52:47+00:00,locservice,489a61144e3ab6b5,2430534,Nantes (44000),44000,44,false,42,690,16.43,E,E,false,,,none,,,future_E_2034,none,0,0.2.0
2026-06-04T05:52:47+00:00,locservice,bdc21fad7bd95cfd,2430537,Nantes (44000),44000,44,false,47,875,18.62,C,A,false,,,none,,,none,none,0,0.2.0
2026-06-04T05:52:47+00:00,locservice,654e017d2125d592,2430540,Bordeaux (33000),33000,33,true,44,1200,27.27,B,C,false,bordeaux,20.9,clear,6.37,30.5,none,encadrement,2,0.2.0
2026-06-04T05:52:47+00:00,locservice,2e4c60301601265e,2430544,Arès (33740),33740,33,false,90,1300,14.44,D,B,false,,,none,,,none,none,0,0.2.0
2026-06-04T05:52:47+00:00,locservice,66360c15431a3c29,2430553,Paris 12 (75012),75012,75,true,34,1072,31.53,E,C,true,paris,40.0,none,0.0,0.0,future_E_2034,none,0,0.2.0
2026-06-04T05:52:47+00:00,locservice,c675908ffac38705,2432097,Marseille 09 (13009),13009,13,false,11,500,45.45,C,C,true,,,none,,,none,none,0,0.2.0
2026-06-04T05:52:47+00:00,locservice,0ef36c4f8d73bd84,2432101,Toulouse (31000),31000,31,false,23,590,25.65,E,C,true,,,none,,,future_E_2034,none,0,0.2.0
2026-06-04T05:52:47+00:00,locservice,8f306d696df8171f,2432106,Paris 17 (75017),75017,75,true,12,700,58.33,B,B,true,paris,40.0,clear,18.33,45.8,none,encadrement,2,0.2.0
2026-06-04T05:52:47+00:00,locservice,1e585f168e04c4c0,2432113,Nantes (44000),44000,44,false,33,800,24.24,C,B,true,,,none,,,none,none,0,0.2.0
2026-06-04T05:52:47+00:00,locservice,dade5a8462c33818,2432120,Néac (33500),33500,33,false,140,1225,8.75,C,C,false,,,none,,,none,none,0,0.2.0
2026-06-04T05:52:47+00:00,locservice,45c40ed6ac2afbe6,2432127,Paris 18 (75018),75018,75,true,10,610,61.0,D,D,true,paris,40.0,clear,21.0,52.5,none,encadrement,2,0.2.0
2026-06-04T05:52:47+00:00,locservice,5f7a3518fff18bde,2432128,Paris 18 (75018),75018,75,true,10,610,61.0,D,D,true,paris,40.0,clear,21.0,52.5,none,encadrement,2,0.2.0
2026-06-04T05:52:47+00:00,locservice,75f06492ddd6bb3b,2432130,Vieillevigne (44116),44116,44,false,75,950,12.67,A,A,true,,,none,,,none,none,0,0.2.0
2026-06-04T05:52:47+00:00,locservice,cf046f5f8284ddea,2432131,Lyon 09 (69009),69009,69,true,50,900,18.0,F,D,true,lyon,20.2,none,0.0,0.0,future_F_2028,none,0,0.2.0
2026-06-04T05:52:47+00:00,locservice,9f744271963a2055,2432140,Lyon 06 (69006),69006,69,true,83,1250,15.06,D,D,false,lyon,20.2,none,0.0,0.0,none,none,0,0.2.0
2026-06-04T05:52:47+00:00,locservice,ce14803f78095218,2432151,Paris 16 (75016),75016,75,true,11,450,40.91,E,E,true,paris,40.0,presumed,0.91,2.3,future_E_2034,encadrement,1,0.2.0
2026-06-04T05:52:47+00:00,locservice,c2e8d7c24b3a2db4,2432169,Saint-Nazaire (44600),44600,44,false,30,200,6.67,B,B,true,,,none,,,none,none,0,0.2.0
2026-06-04T05:52:47+00:00,locservice,215d7a6611ac8e63,2432174,Paris 16 (75016),75016,75,true,87,3000,34.48,D,D,false,paris,40.0,none,0.0,0.0,none,none,0,0.2.0
2026-06-04T05:52:47+00:00,locservice,80cd39d4c203f7fc,2432189,Paris 18 (75018),75018,75,true,41,1630,39.76,D,C,true,paris,40.0,none,0.0,0.0,none,none,0,0.2.0
2026-06-04T05:52:47+00:00,locservice,53c01880a300b724,2432193,Lille (59000),59000,59,true,28,630,22.5,D,C,true,lille,23.4,none,0.0,0.0,none,none,0,0.2.0
2026-06-04T05:52:47+00:00,locservice,9ce2cd1a6a086b64,2432195,Paris 15 (75015),75015,75,true,36,1310,36.39,D,D,true,paris,40.0,none,0.0,0.0,none,none,0,0.2.0
2026-06-04T05:52:47+00:00,locservice,a02da14767ce5c9b,2432197,Toulouse (31000),31000,31,false,115,1665,14.48,C,A,true,,,none,,,none,none,0,0.2.0
2026-06-04T05:52:47+00:00,locservice,2574e63272244add,2432206,Gaillan-en-Médoc (33340),33340,33,false,68,770,11.32,D,D,false,,,none,,,none,none,0,0.2.0
2026-06-04T05:52:47+00:00,locservice,bf63476fa6b88d89,2432218,Orchies (59310),59310,59,false,83,970,11.69,C,A,false,,,none,,,none,none,0,0.2.0
2026-06-04T05:52:47+00:00,locservice,63369a1e3822c8fd,2432220,Douai (59500),59500,59,false,60,870,14.5,C,B,false,,,none,,,none,none,0,0.2.0
2026-06-04T05:52:47+00:00,locservice,9669edd883834b44,2434156,Castets et Castillon (33210),33210,33,false,130,790,6.08,D,D,false,,,none,,,none,none,0,0.2.0
2026-06-04T05:52:47+00:00,locservice,bc1e74ae7395bcb2,2434162,Nantes (44000),44000,44,false,20,485,24.25,D,B,false,,,none,,,none,none,0,0.2.0
2026-06-04T05:52:47+00:00,locservice,d069e5ecea0594c1,2434166,Toulouse (31000),31000,31,false,13,499,38.38,A,A,true,,,none,,,none,none,0,0.2.0
2026-06-04T05:52:47+00:00,locservice,d9cd0cb41f006a0b,2434177,Marseille 08 (13008),13008,13,false,13,545,41.92,E,E,true,,,none,,,future_E_2034,none,0,0.2.0
2026-06-04T05:52:47+00:00,locservice,ed0867bade1ddd15,2434180,Paris 03 (75003),75003,75,true,34,1685,49.56,B,B,true,paris,40.0,clear,9.56,23.9,none,encadrement,2,0.2.0
2026-06-04T05:52:47+00:00,locservice,250bab5661c081ea,2434183,Paris 12 (75012),75012,75,true,25,1017,40.68,D,B,false,paris,40.0,presumed,0.68,1.7,none,encadrement,1,0.2.0
2026-06-04T05:52:47+00:00,locservice,a297d6a2f31387f4,2434187,Toulouse (31000),31000,31,false,32,700,21.88,D,D,true,,,none,,,none,none,0,0.2.0
2026-06-04T05:52:47+00:00,locservice,21cf004f1d7b94e2,2434190,Cours (69240),69240,69,false,18,320,17.78,C,C,true,,,none,,,none,none,0,0.2.0
2026-06-04T05:52:47+00:00,locservice,00bfd822172e2755,2434191,Paris 20 (75020),75020,75,true,24,950,39.58,E,C,true,paris,40.0,none,0.0,0.0,future_E_2034,none,0,0.2.0
2026-06-04T05:52:47+00:00,locservice,0b059fa7785e54f7,2434192,Aix-en-Provence (13080),13080,13,false,20,550,27.5,D,D,true,,,none,,,none,none,0,0.2.0
2026-06-04T05:52:47+00:00,locservice,e042edb9a43fb1f3,2434193,Bordeaux (33000),33000,33,true,35,600,17.14,D,D,true,bordeaux,20.9,none,0.0,0.0,none,none,0,0.2.0
2026-06-04T05:52:47+00:00,locservice,b5a54047087fea84,2434194,Bordeaux (33000),33000,33,true,35,600,17.14,D,D,true,bordeaux,20.9,none,0.0,0.0,none,none,0,0.2.0
2026-06-04T05:52:47+00:00,locservice,de6cfe94ef3a55ed,2434199,Marseille 09 (13009),13009,13,false,95,1170,12.32,C,D,true,,,none,,,none,none,0,0.2.0
2026-06-04T05:52:47+00:00,locservice,e1efdfb1ea184043,2434216,Toulouse (31000),31000,31,false,37,620,16.76,D,D,false,,,none,,,none,none,0,0.2.0
2026-06-04T05:52:47+00:00,locservice,67e97de5e0a8f7b5,2434234,Lambesc (13410),13410,13,false,35,750,21.43,C,A,true,,,none,,,none,none,0,0.2.0
2026-06-04T05:52:47+00:00,locservice,b0d2dcef16a65acb,2434248,Lambesc (13410),13410,13,false,35,750,21.43,C,A,true,,,none,,,none,none,0,0.2.0
2026-06-04T05:52:47+00:00,locservice,e056456b7e32a207,2434261,Biganos (33380),33380,33,false,30,750,25.0,C,C,true,,,none,,,none,none,0,0.2.0
2026-06-04T05:52:47+00:00,locservice,f5c21530951b3dd5,2434265,Paris 18 (75018),75018,75,true,10,512,51.2,D,D,true,paris,40.0,clear,11.2,28.0,none,encadrement,2,0.2.0
2026-06-04T05:52:47+00:00,locservice,8b8f54c5f78dc880,2434266,Tourcoing (59200),59200,59,false,27,460,17.04,E,C,true,,,none,,,future_E_2034,none,0,0.2.0
2026-06-04T05:52:47+00:00,locservice,787bb95358ddb87a,2434273,Saint-Nazaire (44600),44600,44,false,20,520,26.0,C,C,true,,,none,,,none,none,0,0.2.0
2026-06-04T05:52:47+00:00,locservice,fd1236b4ae3a489b,2434274,Nantes (44000),44000,44,false,21,440,20.95,E,B,false,,,none,,,future_E_2034,none,0,0.2.0
2026-06-04T05:52:47+00:00,locservice,b174773f4992cbb9,2434275,Paris 14 (75014),75014,75,true,33,1350,40.91,B,C,true,paris,40.0,presumed,0.91,2.3,none,encadrement,1,0.2.0
2026-06-04T05:52:47+00:00,locservice,7e53c5ec28766e51,2436184,Talence (33400),33400,33,false,27,600,22.22,B,B,true,,,none,,,none,none,0,0.2.0
2026-06-04T05:52:47+00:00,locservice,d18b1d4070c04b12,243844,La Tour-de-Salvagny (69890),69890,69,false,35,700,20.0,B,B,true,,,none,,,none,none,0,0.2.0
2026-06-04T05:52:47+00:00,locservice,23717a10e5ee1260,246045,Lyon 03 (69003),69003,69,true,11,765,69.55,C,C,true,lyon,20.2,clear,49.35,244.3,none,encadrement,2,0.2.0
2026-06-04T05:52:47+00:00,locservice,8ee3fa486a7128ff,250107,Villeneuve-d&#039;Ascq (59491),59491,59,false,20,500,25.0,D,D,false,,,none,,,none,none,0,0.2.0
2026-06-04T05:52:47+00:00,locservice,713b548e6f9fb873,254923,Aix-en-Provence (13080),13080,13,false,50,900,18.0,C,D,false,,,none,,,none,none,0,0.2.0
2026-06-04T05:52:47+00:00,locservice,808922cbcf7e25d4,257423,Nantes (44000),44000,44,false,21,420,20.0,D,D,true,,,none,,,none,none,0,0.2.0
2026-06-04T05:52:47+00:00,locservice,45f234baaffb8a81,261607,Toulouse (31000),31000,31,false,25,560,22.4,F,C,false,,,none,,,future_F_2028,none,0,0.2.0
2026-06-04T05:52:47+00:00,locservice,8d5048616edb18ce,269434,Aix-en-Provence (13080),13080,13,false,27,600,22.22,D,B,true,,,none,,,none,none,0,0.2.0
2026-06-04T05:52:47+00:00,locservice,1ea6576c413c74b3,271247,Aix-en-Provence (13080),13080,13,false,24,750,31.25,C,A,true,,,none,,,none,none,0,0.2.0
2026-06-04T05:52:47+00:00,locservice,e9d6909ff27c013e,275931,Pessac (33600),33600,33,false,20,550,27.5,B,B,false,,,none,,,none,none,0,0.2.0
2026-06-04T05:52:47+00:00,locservice,e1164d018c92bea5,284178,Villeurbanne (69100),69100,69,true,28,555,19.82,E,D,false,villeurbanne,19.8,presumed,0.02,0.1,future_E_2034,encadrement,1,0.2.0
2026-06-04T05:52:47+00:00,locservice,b54877fae871c7f9,284674,La Tour-de-Salvagny (69890),69890,69,false,42,640,15.24,B,B,true,,,none,,,none,none,0,0.2.0
2026-06-04T05:52:47+00:00,locservice,4b64e71c321c5f92,295042,Paris 07 (75007),75007,75,true,24,1200,50.0,E,F,true,paris,40.0,clear,10.0,25.0,future_E_2034,encadrement,2,0.2.0
2026-06-04T05:52:47+00:00,locservice,70eefb2d9dc69136,298649,Carbon-Blanc (33560),33560,33,false,12,440,36.67,C,C,true,,,none,,,none,none,0,0.2.0
2026-06-04T05:52:47+00:00,locservice,d16eef9754fee4bf,300700,Paris 18 (75018),75018,75,true,24,950,39.58,D,D,false,paris,40.0,none,0.0,0.0,none,none,0,0.2.0
2026-06-04T05:52:47+00:00,locservice,c2a480dc509b1987,306464,Lyon 09 (69009),69009,69,true,45,830,18.44,A,A,true,lyon,20.2,none,0.0,0.0,none,none,0,0.2.0
2026-06-04T05:52:47+00:00,locservice,011993c1f8928e5e,308316,Toulouse (31000),31000,31,false,16,492,30.75,D,C,false,,,none,,,none,none,0,0.2.0
2026-06-04T05:52:47+00:00,locservice,e8a06f43825effbd,309988,Toulouse (31000),31000,31,false,18,445,24.72,E,C,true,,,none,,,future_E_2034,none,0,0.2.0
2026-06-04T05:52:47+00:00,locservice,28c70e53638b26ec,311372,Les Sorinières (44840),44840,44,false,18,600,33.33,D,B,true,,,none,,,none,none,0,0.2.0
2026-06-04T05:52:47+00:00,locservice,0f22ebb8148b9c29,319657,Lyon 03 (69003),69003,69,true,27,800,29.63,D,C,true,lyon,20.2,clear,9.43,46.7,none,encadrement,2,0.2.0
2026-06-04T05:52:47+00:00,locservice,f3ded83b9aadc965,321842,Mérignac (33700),33700,33,false,11,415,37.73,C,C,true,,,none,,,none,none,0,0.2.0
2026-06-04T05:52:47+00:00,locservice,0cbc4537c15d61a2,327334,Allauch (13190),13190,13,false,40,850,21.25,C,C,true,,,none,,,none,none,0,0.2.0
2026-06-04T05:52:47+00:00,locservice,4b7fe60ecf80ea28,339441,Marcheprime (33380),33380,33,false,30,750,25.0,B,D,true,,,none,,,none,none,0,0.2.0
2026-06-04T05:52:47+00:00,locservice,1b214b3138ba90d9,341157,Paris 18 (75018),75018,75,true,57,1950,34.21,C,C,true,paris,40.0,none,0.0,0.0,none,none,0,0.2.0
2026-06-04T05:52:47+00:00,locservice,86dfce5d52987fa6,342233,Paris 07 (75007),75007,75,true,26,1250,48.08,D,B,true,paris,40.0,clear,8.08,20.2,none,encadrement,2,0.2.0
2026-06-04T05:52:47+00:00,locservice,8fd4e5b8c830bf54,354445,Toulouse (31000),31000,31,false,26,650,25.0,E,E,true,,,none,,,future_E_2034,none,0,0.2.0
2026-06-04T05:52:47+00:00,locservice,5e94d709d24fc101,356609,Nantes (44000),44000,44,false,18,505,28.06,D,B,true,,,none,,,none,none,0,0.2.0
2026-06-04T05:52:47+00:00,locservice,cf28f9bddcbbea19,357540,Paris 18 (75018),75018,75,true,48,1500,31.25,E,C,true,paris,40.0,none,0.0,0.0,future_E_2034,none,0,0.2.0
2026-06-04T05:52:47+00:00,locservice,e987ec80183af6bf,359079,Lyon 03 (69003),69003,69,true,56,1400,25.0,C,A,true,lyon,20.2,clear,4.8,23.8,none,encadrement,2,0.2.0
2026-06-04T05:52:47+00:00,locservice,5e0457573d2920cd,359185,Roubaix (59100),59100,59,false,21,530,25.24,D,C,true,,,none,,,none,none,0,0.2.0
2026-06-04T05:52:47+00:00,locservice,fbc830de4ca97614,363605,Marseille 05 (13005),13005,13,false,30,520,17.33,A,A,true,,,none,,,none,none,0,0.2.0
2026-06-04T05:52:47+00:00,locservice,c12fb343261e97da,363954,Toulouse (31000),31000,31,false,46,1230,26.74,A,C,true,,,none,,,none,none,0,0.2.0
2026-06-04T05:52:47+00:00,locservice,6ca84a3150f97f4e,366655,Lyon 02 (69002),69002,69,true,50,1200,24.0,D,C,true,lyon,20.2,clear,3.8,18.8,none,encadrement,2,0.2.0
2026-06-04T05:52:47+00:00,locservice,91082aae9158fc4a,367578,Libourne (33500),33500,33,false,78,895,11.47,C,C,false,,,none,,,none,none,0,0.2.0
2026-06-04T05:52:47+00:00,locservice,7c50d2a2486af66f,368011,Bouc-Bel-Air (13320),13320,13,false,135,2260,16.74,D,C,false,,,none,,,none,none,0,0.2.0
2026-06-04T05:52:47+00:00,locservice,a6c7cfd23a2c9e76,370333,Marseille 07 (13007),13007,13,false,38,750,19.74,D,D,true,,,none,,,none,none,0,0.2.0
2026-06-04T05:52:47+00:00,locservice,d0050f61591b6e7d,370859,Paris 05 (75005),75005,75,true,15,1450,96.67,E,D,true,paris,40.0,clear,56.67,141.7,future_E_2034,encadrement,2,0.2.0
2026-06-04T05:52:47+00:00,locservice,2a6b13b0af515bd2,371279,L&#039;Union (31240),31240,31,false,33,655,19.85,B,D,true,,,none,,,none,none,0,0.2.0
2026-06-04T05:52:47+00:00,locservice,e6e6ccc44fe13df1,374170,Paris 11 (75011),75011,75,true,12,550,45.83,D,D,false,paris,40.0,clear,5.83,14.6,none,encadrement,2,0.2.0
2026-06-04T05:52:47+00:00,locservice,52b94097d113aba5,374233,Lyon 08 (69008),69008,69,true,58,955,16.47,C,C,false,lyon,20.2,none,0.0,0.0,none,none,0,0.2.0
2026-06-04T05:52:47+00:00,locservice,7ba20c47c18d5585,374653,Lyon 07 (69007),69007,69,true,60,840,14.0,C,C,true,lyon,20.2,none,0.0,0.0,none,none,0,0.2.0
2026-06-04T05:52:47+00:00,locservice,ba0d76e685954cf9,376777,Tassin-la-Demi-Lune (69160),69160,69,false,117,2800,23.93,C,C,false,,,none,,,none,none,0,0.2.0
2026-06-04T05:52:47+00:00,locservice,87d5408a352146d7,383502,Lyon 03 (69003),69003,69,true,70,1239,17.7,B,B,true,lyon,20.2,none,0.0,0.0,none,none,0,0.2.0
2026-06-04T05:52:47+00:00,locservice,a06d2e36e4918b26,384609,Paris 17 (75017),75017,75,true,28,1315,46.96,D,B,true,paris,40.0,clear,6.96,17.4,none,encadrement,2,0.2.0
2026-06-04T05:52:47+00:00,locservice,6de0b61e67603010,385154,Lyon 03 (69003),69003,69,true,48,1080,22.5,C,B,true,lyon,20.2,clear,2.3,11.4,none,encadrement,2,0.2.0
2026-06-04T05:52:47+00:00,locservice,0be1b6a0131d3edb,389912,Nantes (44000),44000,44,false,26,625,24.04,C,D,true,,,none,,,none,none,0,0.2.0
2026-06-04T05:52:47+00:00,locservice,7f0b3ce14e137c69,392144,Caluire-et-Cuire (69300),69300,69,false,13,405,31.15,C,C,true,,,none,,,none,none,0,0.2.0
2026-06-04T05:52:47+00:00,locservice,b7d96ff9b8010fe9,398316,Gradignan (33170),33170,33,false,21,650,30.95,C,C,true,,,none,,,none,none,0,0.2.0
2026-06-04T05:52:47+00:00,locservice,4d21f796cd342c9e,398487,Toulouse (31000),31000,31,false,67,1560,23.28,D,E,true,,,none,,,none,none,0,0.2.0
2026-06-04T05:52:47+00:00,locservice,60de6683fbf4426e,401058,Marseille 13 (13013),13013,13,false,25,600,24.0,A,A,true,,,none,,,none,none,0,0.2.0
2026-06-04T05:52:47+00:00,locservice,3c567432ed432da3,401289,Bordeaux (33000),33000,33,true,16,490,30.62,C,C,true,bordeaux,20.9,clear,9.72,46.5,none,encadrement,2,0.2.0
2026-06-04T05:52:47+00:00,locservice,e271df83a1e87d34,402070,Valenciennes (59300),59300,59,false,16,405,25.31,C,D,true,,,none,,,none,none,0,0.2.0
2026-06-04T05:52:47+00:00,locservice,7bbe257ce05ae88c,402072,Valenciennes (59300),59300,59,false,14,370,26.43,C,C,true,,,none,,,none,none,0,0.2.0
2026-06-04T05:52:47+00:00,locservice,acd40d175e2c0a78,403052,Plan-d&#039;Orgon (13750),13750,13,false,50,900,18.0,C,D,true,,,none,,,none,none,0,0.2.0
2026-06-04T05:52:47+00:00,locservice,09e1e22278a6584d,404252,Tressin (59152),59152,59,false,115,1644,14.3,D,B,false,,,none,,,none,none,0,0.2.0
2026-06-04T05:52:47+00:00,locservice,5ee55aca3951ea09,404914,Paris 01 (75001),75001,75,true,25,1280,51.2,D,B,true,paris,40.0,clear,11.2,28.0,none,encadrement,2,0.2.0
2026-06-04T05:52:47+00:00,locservice,20d05392c1f219c9,405307,Toulouse (31000),31000,31,false,62,905,14.6,E,E,true,,,none,,,future_E_2034,none,0,0.2.0
2026-06-04T05:52:47+00:00,locservice,202c13e2caf85ea5,405912,Aix-en-Provence (13080),13080,13,false,35,820,23.43,D,D,true,,,none,,,none,none,0,0.2.0
2026-06-04T05:52:47+00:00,locservice,77fd4298393fc570,406464,Gradignan (33170),33170,33,false,14,580,41.43,D,D,true,,,none,,,none,none,0,0.2.0
2026-06-04T05:52:47+00:00,locservice,764a751fe760da93,418274,Lyon 02 (69002),69002,69,true,58,1150,19.83,D,C,true,lyon,20.2,none,0.0,0.0,none,none,0,0.2.0
2026-06-04T05:52:47+00:00,locservice,68c8a901c91b04c3,419875,Ligny-en-Cambrésis (59191),59191,59,false,80,780,9.75,D,B,false,,,none,,,none,none,0,0.2.0
2026-06-04T05:52:47+00:00,locservice,4bb8bf8e671dc3c8,419937,Le Bouscat (33110),33110,33,false,77,1550,20.13,D,D,false,,,none,,,none,none,0,0.2.0
2026-06-04T05:52:47+00:00,locservice,737596eb6bc713e5,421440,Toulouse (31000),31000,31,false,53,780,14.72,C,B,false,,,none,,,none,none,0,0.2.0
2026-06-04T05:52:47+00:00,locservice,4573a5c0ba095979,422489,Toulouse (31000),31000,31,false,17,470,27.65,E,B,true,,,none,,,future_E_2034,none,0,0.2.0
2026-06-04T05:52:47+00:00,locservice,c91c66d9ea825aa7,424802,Toulouse (31000),31000,31,false,19,595,31.32,C,C,true,,,none,,,none,none,0,0.2.0
2026-06-04T05:52:47+00:00,locservice,ec6a1fd5051c6643,426667,Toulouse (31000),31000,31,false,24,605,25.21,D,D,false,,,none,,,none,none,0,0.2.0
2026-06-04T05:52:47+00:00,locservice,a05ef9f6adafff2f,427454,Valenciennes (59300),59300,59,false,45,605,13.44,E,D,true,,,none,,,future_E_2034,none,0,0.2.0
2026-06-04T05:52:47+00:00,locservice,1bcfa0714aad4c44,428004,Valenciennes (59300),59300,59,false,23,420,18.26,C,C,true,,,none,,,none,none,0,0.2.0
2026-06-04T05:52:47+00:00,locservice,8c6c8585d2ce0c84,432589,Paris 16 (75016),75016,75,true,80,2300,28.75,E,E,false,paris,40.0,none,0.0,0.0,future_E_2034,none,0,0.2.0
2026-06-04T05:52:47+00:00,locservice,a9cc6800b21dd5b2,432986,Talence (33400),33400,33,false,32,696,21.75,D,D,false,,,none,,,none,none,0,0.2.0
2026-06-04T05:52:47+00:00,locservice,84289a83a7776e23,433523,Paris 19 (75019),75019,75,true,13,550,42.31,F,F,true,paris,40.0,presumed,2.31,5.8,future_F_2028,encadrement,1,0.2.0
2026-06-04T05:52:47+00:00,locservice,94c4efb4bf6128e9,437659,Lyon 08 (69008),69008,69,true,20,725,36.25,C,C,true,lyon,20.2,clear,16.05,79.5,none,encadrement,2,0.2.0
2026-06-04T05:52:47+00:00,locservice,df4df583b2e04a96,441488,Paris 10 (75010),75010,75,true,9,470,52.22,C,C,true,paris,40.0,clear,12.22,30.6,none,encadrement,2,0.2.0
2026-06-04T05:52:47+00:00,locservice,fe5af1a6ec4e4420,444301,Nantes (44000),44000,44,false,14,550,39.29,F,C,true,,,none,,,future_F_2028,none,0,0.2.0
2026-06-04T05:52:47+00:00,locservice,de3fb6ad5d77d3bb,444768,Lyon 08 (69008),69008,69,true,60,870,14.5,C,C,false,lyon,20.2,none,0.0,0.0,none,none,0,0.2.0
2026-06-04T05:52:47+00:00,locservice,48f6d022ca77eb75,446440,Marseille 08 (13008),13008,13,false,13,530,40.77,C,C,true,,,none,,,none,none,0,0.2.0
2026-06-04T05:52:47+00:00,locservice,6f962093819f9ac9,446823,Aix-en-Provence (13080),13080,13,false,42,870,20.71,D,D,false,,,none,,,none,none,0,0.2.0
2026-06-04T05:52:47+00:00,locservice,be3e2b78e3c1e888,447400,Paris 13 (75013),75013,75,true,11,800,72.73,C,C,true,paris,40.0,clear,32.73,81.8,none,encadrement,2,0.2.0
2026-06-04T05:52:47+00:00,locservice,a4b72b4141545880,585350,Aix-en-Provence (13080),13080,13,false,22,645,29.32,C,A,true,,,none,,,none,none,0,0.2.0
2026-06-04T05:52:47+00:00,locservice,79e174d7bc950b96,594966,Lyon 02 (69002),69002,69,true,80,1220,15.25,B,B,true,lyon,20.2,none,0.0,0.0,none,none,0,0.2.0
2026-06-04T05:52:47+00:00,locservice,89f99e252a014baa,596433,Saint-Nazaire (44600),44600,44,false,17,450,26.47,D,C,true,,,none,,,none,none,0,0.2.0
2026-06-04T05:52:47+00:00,locservice,02d4c2abfcb2215f,600419,Fargues-Saint-Hilaire (33370),33370,33,false,35,660,18.86,D,A,false,,,none,,,none,none,0,0.2.0
2026-06-04T05:52:47+00:00,locservice,5a231684ff5b8861,650309,Éguilles (13510),13510,13,false,36,825,22.92,C,C,true,,,none,,,none,none,0,0.2.0
2026-06-04T05:52:47+00:00,locservice,d6114d31bb4e68a2,667801,Talence (33400),33400,33,false,37,670,18.11,C,D,true,,,none,,,none,none,0,0.2.0
2026-06-04T05:52:47+00:00,locservice,123b928338468f46,669486,Villeneuve-d&#039;Ascq (59491),59491,59,false,44,750,17.05,B,B,false,,,none,,,none,none,0,0.2.0
2026-06-04T05:52:47+00:00,locservice,36584c154b626d85,728669,Paris 12 (75012),75012,75,true,48,1600,33.33,D,D,true,paris,40.0,none,0.0,0.0,none,none,0,0.2.0
2026-06-04T05:52:47+00:00,locservice,109ad4fd6ee0643f,729246,Corbas (69960),69960,69,false,80,1090,13.62,D,D,true,,,none,,,none,none,0,0.2.0
2026-06-04T05:52:47+00:00,locservice,e2f7167bd3dcb1ff,744296,Valenciennes (59300),59300,59,false,30,520,17.33,B,C,true,,,none,,,none,none,0,0.2.0
2026-06-04T05:52:47+00:00,locservice,d6bbc0674fccb77b,760289,Nantes (44000),44000,44,false,21,600,28.57,E,C,true,,,none,,,future_E_2034,none,0,0.2.0
2026-06-04T05:52:47+00:00,locservice,e3fff9e5ddc6ccc2,777693,Rognac (13340),13340,13,false,165,2100,12.73,B,A,false,,,none,,,none,none,0,0.2.0
2026-06-04T05:52:47+00:00,locservice,972de25bd78b0491,829874,Lyon 01 (69001),69001,69,true,43,1040,24.19,E,B,true,lyon,20.2,clear,3.99,19.8,future_E_2034,encadrement,2,0.2.0
2026-06-04T05:52:47+00:00,locservice,b7a62c99473280ba,841348,Nantes (44000),44000,44,false,56,780,13.93,D,E,false,,,none,,,none,none,0,0.2.0
2026-06-04T05:52:47+00:00,locservice,7e43e2e74783b04f,851545,Nantes (44000),44000,44,false,25,650,26.0,E,B,true,,,none,,,future_E_2034,none,0,0.2.0
2026-06-04T05:52:47+00:00,locservice,918367b827ffb0df,864284,Lyon 03 (69003),69003,69,true,76,1300,17.11,C,A,false,lyon,20.2,none,0.0,0.0,none,none,0,0.2.0
2026-06-04T05:52:47+00:00,locservice,d8811cb09248c7a3,87482,Bordeaux (33000),33000,33,true,25,620,24.8,E,C,true,bordeaux,20.9,clear,3.9,18.7,future_E_2034,encadrement,2,0.2.0
2026-06-04T05:52:47+00:00,locservice,034fff5be7c0ae55,88049,Villeurbanne (69100),69100,69,true,19,471,24.79,C,B,false,villeurbanne,19.8,clear,4.99,25.2,none,encadrement,2,0.2.0
2026-06-04T05:52:47+00:00,locservice,d37b8fb0778b2f69,896485,Paris 13 (75013),75013,75,true,43,1500,34.88,E,E,true,paris,40.0,none,0.0,0.0,future_E_2034,none,0,0.2.0
2026-06-04T05:52:47+00:00,locservice,d488efba8c984fdc,89651,Nantes (44000),44000,44,false,15,430,28.67,D,D,true,,,none,,,none,none,0,0.2.0
2026-06-04T05:52:47+00:00,locservice,a4605a880f75d8ea,91863,Cambrai (59400),59400,59,false,71,580,8.17,D,C,false,,,none,,,none,none,0,0.2.0
2026-06-04T05:52:47+00:00,locservice,43d4cb8e4da5e913,92854,Toulouse (31000),31000,31,false,25,620,24.8,D,D,false,,,none,,,none,none,0,0.2.0
2026-06-04T05:52:47+00:00,locservice,c90271d02b35888d,94820,Toulouse (31000),31000,31,false,20,504,25.2,D,B,true,,,none,,,none,none,0,0.2.0
2026-06-04T05:52:47+00:00,locservice,76178b4055a0a3ab,95706,Lyon 06 (69006),69006,69,true,69,1290,18.7,E,D,true,lyon,20.2,none,0.0,0.0,future_E_2034,none,0,0.2.0
